complaint_id,source,citizen_name,language,original_text,translated_text,ward,location,created_at,category,urgency,department,status
c23de592-1679-4d06-80d3-acc986877ad3,App,Harini Dyal,TE,"మా ఇంట్లో నీరు రావడం లేదు, ఏం చేయాలి?","There's no water supply in our house, what are we supposed to do?",Ward 7 - Banjara Hills,"17.322185571308687, 78.29991723712887",2026-03-25 06:42:32,water_supply,Medium,Water Board,Pending
cb47d419-93c1-480e-9c84-2a21bea1a374,Twitter,Nidra Andra,EN,The condition of the roads in our city is very bad!! Can't the municipality do something to improve them?,The condition of the roads in our city is very bad!! Can't the municipality do something to improve them?,Ward 2 - AS Rao Nagar,"17.368365030642458, 78.37160444631452",2026-03-25 05:42:32,roads,Low,Public Works Department,In Progress
662e3165-cd94-4e99-8ef1-af7ee3d282d4,Twitter,Aadhya Lall,EN,"the street lights in our area are not bright enough, its not safe at nite","the street lights in our area are not bright enough, it's not safe at night",Ward 14 - L.B. Nagar,"17.444782, 78.444366",2026-03-25 03:42:32,street_lights,Low,Electrical Department,Pending
2e5efa7b-84cc-430d-b6ec-6d024630abe1,WhatsApp,Ikbal Ramakrishnan,TE,"నీటి నిర్వహణ వ్యవస్థ సరిగా లేదు, పరిసరాలు కలుషితం అవుతున్నాయి","The water management system is not good, the surroundings are getting polluted",Ward 3 - Malkajgiri,"17.49011, 78.328072",2026-03-24 20:42:32,drainage,Medium,Sewerage Department,In Progress
c836db1d-98e0-4d9f-8a4f-49c9c02b8d48,WhatsApp,Sai Gandhi,HI,"मोहल्ले में स्वच्छता की स्थिति बहुत खराब है, कोई उपाय करो!","The sanitation condition in the neighborhood is very bad, do something!",Ward 6 - Jubilee Hills,"17.383812, 78.415247",2026-03-24 17:42:32,public_health,Medium,Health Department,Pending
81081308-d565-48a0-bd7b-f6a073075e78,WhatsApp,Omya Char,TE,"రోడ్లు చాలా దుర్భరంగా ఉన్నాయి, వాహనాలు నడపడం కష్టం","The roads are in a terrible condition, it's difficult to drive vehicles",Ward 7 - Banjara Hills,"17.442353, 78.34565",2026-03-24 15:42:32,roads,Low,Public Works Department,In Progress
c666804b-ddea-4e19-a4bc-4e534a56ca9f,Web,Caleb Devi,EN,"We haven't had water supply for 3 days, what's going on? Can't the municipality manage the supply?","We haven't had water supply for 3 days, what's going on? Can't the municipality manage the supply?",Ward 2 - AS Rao Nagar,"17.497745, 78.34623",2026-03-24 14:42:32,water_supply,High,Water Board,Pending
aef8ff5e-e5ea-44a9-b705-f0f16630aff0,CallCenter,Aarush Rastogi,HI,"बिजली की समस्या बहुत बढ़ गई है, कोई समाधान निकालो!","The electricity problem has increased a lot, find a solution!",Ward 3 - Malkajgiri,"17.431559, 78.394142",2026-03-24 13:42:32,electricity,High,Power Distribution Company,Pending
cfb74dc1-2269-46be-b8b9-b2f13345aa71,Twitter,Jason Dasgupta,TE,"వీధి లైట్లు పనిచేయడం లేదు, రాత్రి సమయంలో భయంకరంగా ఉంది","The street lights are not working, it's scary at night",Ward 15 - Kukatpally,"17.342536, 78.351863",2026-03-24 10:42:32,street_lights,Low,Electrical Department,Pending
f41a5547-7480-420f-8a71-97ebdc14ce4e,App,Januja Merchant,TE,"నీటి నిర్వహణ సరిగా లేదు, వర్షంతో మొత్తం వీధి నీటిలో మునిగిపోతోంది","The drainage system is not proper, the whole street gets flooded during rains",Ward 2 - AS Rao Nagar,"17.300892, 78.328701",2026-03-23 23:42:32,drainage,Low,Sewerage Department,Pending
4d8f58a1-fbe2-4ff3-9f65-58798a2440f0,Web,Reva Dhaliwal,EN,we've been having power outages every day for the past week!! cant even work from home,we've been having power outages every day for the past week!! can't even work from home,Ward 8 - Khairatabad,"17.381524, 78.495996",2026-03-23 22:42:32,electricity,Medium,Power Distribution Company,Pending
5e8722aa-4518-44dd-a826-57808eae198d,CallCenter,Samarth Khare,EN,"the garbage collectors are not doing their job properly, its a mess!!","the garbage collectors are not doing their job properly, it's a mess!!",Ward 14 - L.B. Nagar,"17.398602, 78.411624",2026-03-23 19:42:32,sanitation,Medium,Solid Waste Management,In Progress
d936e9c3-ca48-4a29-b675-d3e0c9be45f8,Twitter,Hritik Ganguly,HI,"नाले में पानी भर गया है, इससे संक्रमण फैलने का खतरा है!","The drain is filled with water, there's a risk of infection spreading!",Ward 2 - AS Rao Nagar,"17.368352822273973, 78.37126352759068",2026-03-23 18:42:32,drainage,Low,Sewerage Department,Pending
6410df27-3923-4a18-a461-181679dec6b2,CallCenter,Nikita Toor,EN,can someone pls do somethin about the garbage trucks not comin on time??,can someone pls do somethin about the garbage trucks not comin on time??,Ward 10 - Charminar,"17.371323, 78.483208",2026-03-23 17:42:32,sanitation,Low,Solid Waste Management,Pending
ec457d1f-a6f6-48e2-be1c-6591fb0afd78,Twitter,Ishaan Bala,EN,The drainage system in our area is clogged. Who do we need to contact to get it fixed?,The drainage system in our area is clogged. Who do we need to contact to get it fixed?,Ward 3 - Malkajgiri,"17.304265, 78.4203",2026-03-23 13:42:32,drainage,Medium,Sewerage Department,Pending
f0f373b5-fc4a-44eb-a132-1969a3d0700e,Twitter,Advik Vora,HI,"सड़क की हालत बहुत खराब है, गाड़ी चलाना मुश्किल हो गया है!","The condition of the road is very bad, it's difficult to drive!",Ward 14 - L.B. Nagar,"17.468877, 78.495491",2026-03-23 12:42:32,roads,Low,Public Works Department,In Progress
7b31123e-7c5d-45f9-a783-1413c01cf61a,WhatsApp,Ansh Solanki,HI,"सड़क की हालत बहुत खराब है, गाड़ी चलाना मुश्किल हो गया है!","The condition of the road is very bad, it's difficult to drive!",Ward 2 - AS Rao Nagar,"17.491692, 78.423615",2026-03-23 10:42:32,roads,Medium,Public Works Department,Pending
0d529da1-06c8-4b42-be1b-9356321a2928,App,Jairaj Khosla,TE,"నీటి సరఫరా చాలా తక్కువగా ఉంది, దీని గురించి ఏం చేయాలి?","The water supply is very less, what to do about it?",Ward 6 - Jubilee Hills,"17.391241, 78.495065",2026-03-22 23:42:32,water_supply,High,Water Board,Pending
b867ef27-1e3e-456d-b026-1fbbc19daafa,App,Gautam Kara,TE,"ఆరోగ్య సంరక్షణ వ్యవస్థ చాలా దిగజారిపోయింది, ప్రజలు బాధపడుతున్నారు","The healthcare system has deteriorated, people are suffering",Ward 7 - Banjara Hills,"17.40988997328109, 78.42706471929782",2026-03-22 22:42:32,public_health,Medium,Health Department,Pending
c19473e5-d13e-4f40-8a85-b02d219e9b41,WhatsApp,Dalaja Sinha,EN,"the road to our colony is in a terrible condition, cant even drive without damaging my car","the road to our colony is in a terrible condition, can't even drive without damaging my car",Ward 7 - Banjara Hills,"17.410351550406396, 78.42730995946143",2026-03-22 20:42:32,roads,Medium,Public Works Department,In Progress
6535e5bf-a7bd-4d90-b068-19d6145988d6,CallCenter,Noah Viswanathan,EN,Day 4 without water supply in our area. Who do we need to bribe to get some water??,Day 4 without water supply in our area. Who do we need to bribe to get some water??,Ward 14 - L.B. Nagar,"17.332675163630736, 78.41166872264225",2026-03-22 20:42:32,water_supply,Medium,Water Board,In Progress
9413a1a7-b089-4e2d-ab7e-6c0f5dfc0fc1,Twitter,Jairaj Kari,TE,"వీధిలో వెలుగులు లేవు, రాత్రిపూట నడవడం భయంకరంగా ఉంది!","There are no lights on the street, it's scary to walk at night!",Ward 14 - L.B. Nagar,"17.333016261313958, 78.41142635725951",2026-03-22 14:42:32,street_lights,Low,Electrical Department,In Progress
32a3bd33-d47a-43b8-9ebf-33d9d50f77cf,CallCenter,Eesha Pal,HI,"स्ट्रीट लाइटें नहीं जल रही हैं, रात में आने जाने में बहुत परेशानी हो रही है","The street lights are not working, it's very difficult to come and go at night",Ward 3 - Malkajgiri,"17.312895, 78.393553",2026-03-22 12:42:32,street_lights,Medium,Electrical Department,Pending
d6783541-132e-4c9e-bc43-c4897ee1ab32,Twitter,Aadhya Chaudry,TE,"మా ప్రాంతంలో చెత్త సేకరణ సరిగా జరగడం లేదు, దీనికి పరిష్కారం ఏమిటి?","The garbage collection in our area is not being done properly, what is the solution?",Ward 7 - Banjara Hills,"17.325488064876097, 78.4098068822428",2026-03-22 10:42:32,sanitation,Medium,Solid Waste Management,In Progress
dbc167d9-b9fa-468c-8e70-b64b58596239,WhatsApp,Bhavna Mukherjee,HI,"बिजली की सप्लाई बहुत अस्थिर है, काम करना मुश्किल हो गया है","The electricity supply is very unstable, it's hard to work",Ward 15 - Kukatpally,"17.388302, 78.324778",2026-03-22 09:42:32,electricity,High,Power Distribution Company,Pending
6bec8a09-2d4d-413d-b25b-4e35e07c8f34,CallCenter,Unnati Lad,TE,నీటి సరఫరా లేకపోవడం వల్ల చాలా ఇబ్బందిగా ఉంది,Lack of water supply is causing a lot of inconvenience,Ward 6 - Jubilee Hills,"17.323623, 78.357922",2026-03-22 05:42:32,water_supply,High,Water Board,Pending
e2c6a971-8799-4a52-880f-e16ab79ddd87,Twitter,Upasna Mand,HI,"स्ट्रीट लाइटें जल नहीं रही हैं, रात में आने जाने में परेशानी हो रही है","The street lights are not working, it's causing trouble to come and go at night",Ward 6 - Jubilee Hills,"17.355496, 78.418725",2026-03-22 00:42:32,street_lights,Low,Electrical Department,Pending
845024f5-d36b-48a3-9ba9-c8f8cc6e2bee,App,Imaran Amble,EN,"there's a dead animal on the road, its been there for days!! wht about the health risks?","there's a dead animal on the road, it's been there for days!! what about the health risks?",Ward 8 - Khairatabad,"17.314654058596574, 78.34773407633251",2026-03-21 20:42:32,public_health,High,Health Department,Pending
11dd0067-3354-4085-aa15-4a8f13492692,Web,Yuvraj Rana,TE,"మా ప్రాంతంలో విద్యుత్ సరఫరా సరిగా లేదు, దీనికి పరిష్కారం ఏమిటి?","The electricity supply in our area is not good, what is the solution?",Ward 8 - Khairatabad,"17.409975, 78.416807",2026-03-21 17:42:32,electricity,Medium,Power Distribution Company,Pending
463afb78-3efc-4a6d-a681-af8e311f1472,WhatsApp,Joshua Chaudhry,HI,"सड़क की हालत बहुत खराब है, गाड़ी चलाना मुश्किल हो गया है!","The condition of the road is very bad, it's difficult to drive!",Ward 1 - Kapra,"17.390839, 78.424413",2026-03-21 15:42:32,roads,Low,Public Works Department,Pending
03bbf25c-944e-4a80-b32a-26c0e427b78e,CallCenter,Hamsini Chand,EN,The garbage collectors havent come to our colony in 2 weeks!! wht r we supposed to do??,The garbage collectors haven't come to our colony in 2 weeks!! what are we supposed to do??,Ward 15 - Kukatpally,"17.452966, 78.369087",2026-03-21 09:42:32,sanitation,Low,Solid Waste Management,Pending
5aef61b5-2ed1-46b8-ad5c-4b8ea5c60acf,Twitter,Gopal Saxena,EN,"The public toilet near the bus stand is in a horrible condition, can't they maintain it?","The public toilet near the bus stand is in a horrible condition, can't they maintain it?",Ward 15 - Kukatpally,"17.413542668437007, 78.42684922273209",2026-03-21 07:42:32,public_health,Medium,Health Department,In Progress
951470bd-4234-41b7-84d9-615e3b403a28,Twitter,Zayyan Balan,EN,"The drain near my house is stinking, can't they clean it regularaly?","The drain near my house is stinking, can't they clean it regularaly?",Ward 14 - L.B. Nagar,"17.49725, 78.369023",2026-03-20 10:42:32,drainage,Medium,Sewerage Department,Pending
468d75a2-5352-47ca-95e3-5cc7b9dd06af,CallCenter,Robert Tank,HI,"मोहल्ले में स्वच्छता की स्थिति बहुत खराब है, कोई उपाय करो!","The sanitation condition in the neighborhood is very bad, do something!",Ward 7 - Banjara Hills,"17.348349970730908, 78.35527965737526",2026-03-20 00:42:32,public_health,High,Health Department,Pending
9af4c8a7-1997-4098-b79f-b204d1a267b4,CallCenter,Anvi Lala,HI,"बिजली की समस्या बहुत बढ़ गई है, कोई समाधान निकालो!","The electricity problem has increased a lot, find a solution!",Ward 15 - Kukatpally,"17.366261, 78.454937",2026-03-19 16:42:32,electricity,Medium,Power Distribution Company,In Progress
fe786dae-c80b-4c3d-a178-bd4b1502e95d,App,Jonathan Kala,EN,"we're not getting enough water supply, its affecting our daily lives!!","we're not getting enough water supply, it's affecting our daily lives!!",Ward 15 - Kukatpally,"17.499895, 78.476711",2026-03-19 16:42:32,water_supply,High,Water Board,Pending
1f99d460-e02d-426a-b474-b3a9a3ff3aa8,CallCenter,Omisha Ramanathan,HI,"बिजली की सप्लाई बहुत अस्थिर है, काम करना मुश्किल हो गया है","The electricity supply is very unstable, it's hard to work",Ward 14 - L.B. Nagar,"17.381406, 78.306124",2026-03-19 15:42:32,electricity,High,Power Distribution Company,In Progress
19debd49-291e-49a8-a8b4-6beb9b63b881,Web,Frederick Dixit,TE,ర్ర్ పారోు క్ర్ పివి ఆడ్ పారోు ర్ర్ పారోు క్ర్ పి టోం విట్రత పారోు ర్ర్ పారోు క్ర్ పి టోం విట్రత,The sanitation workers in our area are not doing their job properly. Can't the municipality take action?,Ward 10 - Charminar,"17.414833, 78.489447",2026-03-19 15:42:32,sanitation,Low,Solid Waste Management,Pending
e33c5abc-d72a-4ef5-9e41-370516132845,WhatsApp,Chakradhar Boase,HI,"सड़क पर गढ्ढे हैं, इससे वाहन चालकों को परेशानी हो रही है!","There are potholes on the road, it's causing trouble for the drivers!",Ward 2 - AS Rao Nagar,"17.426057, 78.34755",2026-03-19 10:42:32,roads,Medium,Public Works Department,Pending
6d0eefab-110a-4c42-b3b2-9db3d336742d,CallCenter,Balhaar Buch,EN,"there's a lot of pollution in our area, its affecting our health!!","there's a lot of pollution in our area, it's affecting our health!!",Ward 6 - Jubilee Hills,"17.346374, 78.475375",2026-03-19 10:42:32,public_health,Medium,Health Department,Pending
51f52b71-fde2-4c8e-806d-a92329a3ab90,Twitter,Pratyush Chopra,TE,"మా ప్రాంతంలో పారిశుధ్యం సరిగా లేదు, దీనికి పరిష్కారం ఏమిటి?","The sanitation in our area is not good, what is the solution?",Ward 14 - L.B. Nagar,"17.439467, 78.305222",2026-03-19 09:42:32,sanitation,Low,Solid Waste Management,Pending
953cece9-9266-4070-897a-742ece38237b,Web,Vrishti Baria,TE,పివి క్ర్ పారోు విట్ర ఆడ్ ర్ర్య పి టోం విట్రత పివి పారోుత ఆడ్ర్ ర్ర్ పారోు క్ర్య ర్ర్య పివి పారోు క్ర్ పి టోం విట్రత,The road in front of our house is full of potholes. Can't the government fix it?,Ward 7 - Banjara Hills,"17.401903, 78.482353",2026-03-19 06:42:32,roads,Low,Public Works Department,In Progress
6779edc9-ead8-4032-84a0-341a5fb62e32,CallCenter,Krishna Swaminathan,HI,स्वास्थ्य सेवाओं की कमी के कारण लोगों को बहुत परेशानी हो रही है,The lack of health services is causing a lot of problems for people,Ward 2 - AS Rao Nagar,"17.322161419164964, 78.40129424463103",2026-03-18 22:42:32,public_health,High,Health Department,Pending
532b8b38-b5e9-4f3f-b4d7-7efe89dd4455,CallCenter,Eshana Sangha,EN,"The garbage dump near the hospital is a breeding ground for diseases, can't they relocate it?","The garbage dump near the hospital is a breeding ground for diseases, can't they relocate it?",Ward 7 - Banjara Hills,"17.34884880580744, 78.35570011252948",2026-03-18 19:42:32,public_health,High,Health Department,Pending
9f9ee632-1b0c-416a-87d9-f2c79493f3a2,WhatsApp,Jagdish Dash,TE,"రోడ్లు చాలా ఖరాబుగా ఉన్నాయి, ఇది ప్రమాదకరంగా ఉంది","The roads are very bad, it's dangerous",Ward 8 - Khairatabad,"17.3144037728601, 78.34783961606928",2026-03-18 11:42:32,roads,Critical,Public Works Department,Pending
89ff34ea-5110-4159-9b01-f4b4d17f391a,WhatsApp,Ekanta Trivedi,HI,"पानी की सप्लाई बहुत कम है, क्या कोई व्यवस्था कर सकते हैं?","The water supply is very less, can someone make arrangements?",Ward 8 - Khairatabad,"17.302918, 78.496197",2026-03-18 06:42:32,water_supply,Medium,Water Board,Pending
2836784e-3202-469c-a609-4d5a0ec75bf9,CallCenter,Devansh Warrior,TE,"పారిశుద్ధ్యం సరిగా లేదు, మలేరియా వంటి వ్యాధులు వ్యాపిస్తున్నాయి","The sanitation is not good, diseases like malaria are spreading",Ward 8 - Khairatabad,"17.31134, 78.429298",2026-03-18 05:42:32,sanitation,Low,Solid Waste Management,In Progress
c50af8cd-1043-4268-a5d2-efcd42fab5ec,Web,Laban Ratti,EN,We've been facing a severe water shortage for weeks!! What's the municipality doing about it?,We've been facing a severe water shortage for weeks!! What's the municipality doing about it?,Ward 3 - Malkajgiri,"17.354822807777975, 78.33313542019691",2026-03-17 18:42:32,water_supply,High,Water Board,Pending
59287a94-1fc7-483e-971d-ae7c43c4f873,Web,Harinakshi Wali,HI,"सड़कों पर गड्ढे हैं, इससे वाहन चालकों को परेशानी हो रही है!","There are potholes on the roads, it's causing trouble for the drivers!",Ward 15 - Kukatpally,"17.478465, 78.424729",2026-03-17 16:42:32,roads,Low,Public Works Department,In Progress
29ffb270-9d7e-45d6-a182-eaaee9739ad7,Web,Mahika Krishna,TE,"విద్యుత్తు సరఫరా సక్రమంగా లేదు, ఇంటి పనులు చేయడం కష్టం","The electricity supply is not proper, it's difficult to do household chores",Ward 15 - Kukatpally,"17.448856, 78.316841",2026-03-17 09:42:32,electricity,Medium,Power Distribution Company,In Progress
327685e7-e6c6-4536-a269-832bba8148a8,WhatsApp,Yashodhara Dhar,TE,"నీటి నిర్వహణ వ్యవస్థ సరిగా లేదు, పరిసరాలు కలుషితం అవుతున్నాయి","The water management system is not good, the surroundings are getting polluted",Ward 14 - L.B. Nagar,"17.330371, 78.413994",2026-03-17 08:42:32,drainage,Low,Sewerage Department,Resolved
98e889c0-f61f-4d24-a5cd-245b7a2531af,WhatsApp,Idika Patel,EN,The garbage collection in our area is very irregular!! Can't the municipality do something about it?,The garbage collection in our area is very irregular!! Can't the municipality do something about it?,Ward 1 - Kapra,"17.405006, 78.310718",2026-03-16 15:42:32,sanitation,Low,Solid Waste Management,In Progress
c87b802c-60fa-4131-81f9-5ee56ed1ec9a,Twitter,Nidra Sem,HI,"कूड़ा करकट की समस्या बहुत ज्यादा है, क्या कोई समाधान नहीं है?","The problem of garbage is very high, is there no solution?",Ward 2 - AS Rao Nagar,"17.36857033134366, 78.37145150017797",2026-03-16 11:42:32,sanitation,Low,Solid Waste Management,In Progress
7332eb10-7a09-46c5-ba78-470cd61b4179,CallCenter,Anya Chowdhury,HI,"नालों की सफाई नहीं हो रही है, इससे जलभराव की समस्या हो रही है!","The drains are not being cleaned, it's causing waterlogging problems!",Ward 7 - Banjara Hills,"17.325388930125957, 78.40981840514469",2026-03-16 11:42:32,drainage,Low,Sewerage Department,Resolved
4c37eefe-65a2-4d33-a27b-267985372bc8,Web,Tara Dewan,HI,"सड़कें बहुत खराब हैं, वाहन चलाना मुश्किल हो गया है","The roads are very bad, it's hard to drive",Ward 1 - Kapra,"17.359925042380993, 78.34102171760864",2026-03-16 07:42:32,roads,Medium,Public Works Department,In Progress
639001d4-0716-4069-8315-f0f541f1c3c7,CallCenter,Gauri Dube,TE,పి క్ర్ ఆడ్ పారోు ర్ర్ పారోు క్ర్ పి టోం విట్రత పారోు ర్ర్ పారోు క్ర్ పి టోం విట్రత,The street lights in our area are not working properly. Can't the municipality fix them?,Ward 1 - Kapra,"17.350897, 78.489268",2026-03-16 00:42:32,street_lights,Low,Electrical Department,In Progress
25cd606d-89ae-4ba3-bd0a-c1a530fdaa51,WhatsApp,Omisha Luthra,HI,"सार्वजनिक स्वास्थ्य सेवाएं बहुत खराब हैं, क्या कोई सुधार करेगा?","The public health services are very bad, will someone improve them?",Ward 7 - Banjara Hills,"17.432131, 78.411908",2026-03-15 14:42:32,public_health,High,Health Department,Resolved
9a8659b1-b8f3-437e-89fd-4fb3b935848e,WhatsApp,Jacob Karnik,EN,"omg, cant believ the state of our public toilets! they r so dirty","omg, cant believ the state of our public toilets! they r so dirty",Ward 15 - Kukatpally,"17.413110774553235, 78.42643988820694",2026-03-15 13:42:32,sanitation,Medium,Solid Waste Management,In Progress
0c9de78e-bca0-4e57-986d-4ca3a8e2ac6e,App,Adya Goda,EN,12 hours without electricity in our area! What are we paying our taxes for? #ElectricityOutage,12 hours without electricity in our area! What are we paying our taxes for? #ElectricityOutage,Ward 8 - Khairatabad,"17.3811, 78.379086",2026-03-15 13:42:32,electricity,High,Power Distribution Company,In Progress
9ae930cd-4040-468e-80f7-e618dbcbe493,Twitter,Manthan Doshi,TE,"విద్యుత్ సరఫరా చాలా అస్థిరంగా ఉంది, దీనికి పరిష్కారం ఏమిటి?","The electricity supply is very unstable, what is the solution for this?",Ward 10 - Charminar,"17.31516710531304, 78.44739747251448",2026-03-15 10:42:32,electricity,High,Power Distribution Company,In Progress
653ae4e7-96c7-49e4-8f6d-b5940100a0cf,Web,Farhan Agarwal,EN,we've been without water for 3 days now! any update on when it'll be fixed?,we've been without water for 3 days now! any update on when it'll be fixed?,Ward 7 - Banjara Hills,"17.410213409598516, 78.4275426027359",2026-03-15 06:42:32,water_supply,High,Water Board,In Progress
ddc05573-c7ef-4b6b-81a0-b9eae72eb344,WhatsApp,Aachal Singhal,HI,"पानी की समस्या बहुत बढ़ गई है, कोई समाधान निकालो!","The water problem has increased a lot, find a solution!",Ward 2 - AS Rao Nagar,"17.348498, 78.311177",2026-03-14 22:42:32,water_supply,High,Water Board,Resolved
15101f4b-a67f-48f3-b9a7-f1304acebc72,WhatsApp,Ganga Barad,HI,"सड़क पर गड्ढे बहुत हैं, गाड़ी चलाना मुश्किल हो गया है!","There are many potholes on the road, it's difficult to drive!",Ward 1 - Kapra,"17.446207, 78.383566",2026-03-14 17:42:32,roads,Low,Public Works Department,Pending
6e9b32c9-269c-4ac5-a979-228b6f04cd94,CallCenter,Tara Kaur,HI,"पानी की आपूर्ति में कमी है, इससे हमें परेशानी हो रही है!","There's a shortage of water supply, it's causing us trouble!",Ward 15 - Kukatpally,"17.438763, 78.360325",2026-03-14 14:42:32,water_supply,Medium,Water Board,Resolved
fa729c7d-b408-48e6-9731-bca324120890,WhatsApp,Hitesh Mandal,EN,This potholed road is a death trap! When will the authorities wake up and fix it?,This potholed road is a death trap! When will the authorities wake up and fix it?,Ward 2 - AS Rao Nagar,"17.322027923109545, 78.40119289239509",2026-03-14 13:42:32,roads,Medium,Public Works Department,In Progress
104b2449-3c81-4ec6-828c-e69a8ade7a97,Twitter,Kiaan Ranganathan,EN,"the street light outside my house is flickering, its so annoying!!","the street light outside my house is flickering, it's so annoying!!",Ward 7 - Banjara Hills,"17.40974438739685, 78.42671190614988",2026-03-14 12:42:32,street_lights,Medium,Electrical Department,Resolved
a1fc360c-41d4-4484-bcd2-82bfded54f0f,Twitter,Libni Borah,TE,"వీధిలైట్లు పనిచేయడం లేదు, రాత్రి సమయంలో భయంకరంగా ఉంది","The street lights are not working, it's scary at night",Ward 15 - Kukatpally,"17.41343243139996, 78.4269762200612",2026-03-14 10:42:32,street_lights,Low,Electrical Department,In Progress
8973315a-e5e7-48c7-9011-abbaa34b2032,Web,Gautami Mane,HI,"कूड़ा निकालने वाले ट्रक समय पर नहीं आ रहे हैं, गंदगी फैल रही है","The garbage trucks are not coming on time, the dirt is spreading",Ward 6 - Jubilee Hills,"17.383738, 78.457929",2026-03-14 06:42:32,sanitation,Medium,Solid Waste Management,In Progress
203fde2c-f73f-43e8-937a-3c48449c563b,Web,Aashi Banik,EN,"The power cut in our area is so frequent, it's affecting my work! Can't they maintain the grid?","The power cut in our area is so frequent, it's affecting my work! Can't they maintain the grid?",Ward 15 - Kukatpally,"17.352587, 78.414782",2026-03-14 05:42:32,electricity,Medium,Power Distribution Company,Resolved
5759c0f2-e806-454c-91bc-0e90b77637a3,WhatsApp,Vihaan Tak,EN,"The public toilet near the park is in a horrible condition, can't they maintain it?","The public toilet near the park is in a horrible condition, can't they maintain it?",Ward 6 - Jubilee Hills,"17.326833, 78.422666",2026-03-13 22:42:32,public_health,High,Health Department,In Progress
32a13650-9a11-4f5a-bfe5-3d811cee9f3f,Web,Watika Mangat,EN,"omg, cant beleev the state of our streets! garbage everywhere","omg, cant beleev the state of our streets! garbage everywhere",Ward 7 - Banjara Hills,"17.479708, 78.453597",2026-03-13 17:42:32,sanitation,Low,Solid Waste Management,In Progress
77832656-f22c-45e9-9f22-0c04e255fe5d,WhatsApp,Amrita Sethi,EN,"We are facing a severe water crisis, can't the municipality do something to increase the supply?","We are facing a severe water crisis, can't the municipality do something to increase the supply?",Ward 7 - Banjara Hills,"17.349997, 78.473514",2026-03-13 04:42:32,water_supply,High,Water Board,In Progress
f0c234e1-e678-40a8-ba56-c675348c8a42,WhatsApp,Anya Parmar,TE,"మురికివాడలో చెత్తను సేకరించడం లేదు, దుర్గంధంతో బాధపడుతున్నాం","Garbage is not being collected in our area, we're suffering from the stench",Ward 8 - Khairatabad,"17.41734, 78.443367",2026-03-13 04:42:32,sanitation,Low,Solid Waste Management,In Progress
c49fefa2-695a-4ee2-8f4c-8a308e1048a9,Web,Avi Mahajan,TE,"ప్రజారోగ్య సంరక్షణ వ్యవస్థ దెబ్బతింది, వ్యాధులు పెరిగిపోతున్నాయి","The public health care system is deteriorating, diseases are increasing",Ward 2 - AS Rao Nagar,"17.384041, 78.428882",2026-03-13 02:42:32,public_health,Medium,Health Department,Resolved
dc91193d-971f-40c2-a8bc-49081957c08f,WhatsApp,Arya Seth,TE,"వీధి లైట్లు పనిచేయడం లేదు, రాత్రి సమయంలో భయంకరంగా ఉంది","The street lights are not working, it's scary at night",Ward 8 - Khairatabad,"17.314346039107868, 78.34783803981942",2026-03-13 02:42:32,street_lights,Medium,Electrical Department,In Progress
fa514839-e9d2-4c90-9666-488f5b9ee81e,WhatsApp,Raghav Chandra,HI,"बिजली की आपूर्ति बार-बार बंद हो रही है, इससे हमें परेशानी हो रही है!","The electricity supply is being cut off repeatedly, it's causing us trouble!",Ward 15 - Kukatpally,"17.46849, 78.409997",2026-03-12 23:42:32,electricity,High,Power Distribution Company,Resolved
2bec331b-def0-4466-a815-33c262922e6e,WhatsApp,Ganga Tripathi,HI,"मोहल्ले में स्वच्छता की स्थिति बहुत खराब है, कोई उपाय करो!","The sanitation condition in the neighborhood is very bad, do something!",Ward 6 - Jubilee Hills,"17.404557, 78.403575",2026-03-12 22:42:32,sanitation,Medium,Solid Waste Management,In Progress
9caed9b5-447e-49f5-ac0c-9d8115831033,Web,Raksha Bassi,EN,street lights not working since weeks! feels so unsafe,street lights not working since weeks! feels so unsafe,Ward 7 - Banjara Hills,"17.32161093537298, 78.30047387928725",2026-03-12 16:42:32,street_lights,Low,Electrical Department,Resolved
57d05afb-1efa-4e36-8c65-9d629d6a8e41,Web,Chaaya Barad,EN,"The power cut in our area is so frequent, it's affecting my work! Can't they maintain the grid?","The power cut in our area is so frequent, it's affecting my work! Can't they maintain the grid?",Ward 2 - AS Rao Nagar,"17.435963, 78.330749",2026-03-12 14:42:32,electricity,Medium,Power Distribution Company,Pending
ee7dbb78-d9f4-4ca2-9187-db1d40784f31,App,Balendra Manda,EN,why rnt ther any proper hospitals in our area??,why rnt ther any proper hospitals in our area??,Ward 15 - Kukatpally,"17.369791, 78.316823",2026-03-12 09:42:32,public_health,High,Health Department,Pending
dec23565-1637-45d8-a4d9-3a7e3feca59c,Twitter,Gautami Panchal,HI,"बिजली की समस्या बहुत ज्यादा है, क्या कोई समाधान नहीं है?","The problem of electricity is very high, is there no solution?",Ward 15 - Kukatpally,"17.396973, 78.380504",2026-03-12 09:42:32,electricity,High,Power Distribution Company,Resolved
7428b86f-b877-47a2-94f4-d1272b07f7d3,Web,Upma Chandran,TE,"మా ప్రాంతంలో మలేరియా వ్యాపిస్తోంది, ప్రభుత్వం ఏం చేస్తోంది?","Malaria is spreading in our area, what is the government doing?",Ward 2 - AS Rao Nagar,"17.354368, 78.443705",2026-03-11 23:42:32,public_health,High,Health Department,Resolved
950d41dc-f28b-49af-b2f7-6506171fcdf1,Twitter,Radha Taneja,TE,"మా ప్రాంతంలో నీటి నిర్వహణ సరిగా లేదు, దీనికి పరిష్కారం ఏమిటి?","The water management in our area is not good, what is the solution?",Ward 1 - Kapra,"17.374441, 78.460385",2026-03-11 22:42:32,drainage,Medium,Sewerage Department,Resolved
530d4d34-add1-4360-944a-f36e533e5c97,Twitter,Tamanna Misra,HI,सै विष्व रोड के सैर लाईट क्वर्क है को साम्ने सुरृ है विष्व रोड सविदा है,There are no street lights on this entire road. Can't they be fixed soon?,Ward 10 - Charminar,"17.305288, 78.394357",2026-03-11 22:42:32,street_lights,Low,Electrical Department,In Progress
f36b17e4-203a-4054-ad3f-83897d5199af,WhatsApp,Henry Brar,TE,"మా ప్రాంతంలో ప్రజారోగ్యం సరిగా లేదు, దీనికి పరిష్కారం ఏమిటి?","The public health in our area is not good, what is the solution?",Ward 7 - Banjara Hills,"17.380777, 78.332266",2026-03-11 21:42:32,public_health,High,Health Department,Pending
df3f3970-3251-458c-b218-058b404351e8,CallCenter,Manan Sahni,TE,ర్ర్ పారోు క్ర్ పివి ఆడ్ పారోు ఏయార్య ఆడ్ పారోు ర్ర్ పారోు క్ర్ పి టోం విట్రత,The drainage system in our area is very poor. Can't the government fix it?,Ward 10 - Charminar,"17.323055, 78.499783",2026-03-11 10:42:32,drainage,Medium,Sewerage Department,In Progress
ecdfac27-64a1-4762-8974-52832efd7de2,Twitter,Kai Kulkarni,TE,"పారిశుధ్యం చాలా చెడ్డగా ఉంది, దీనికి పరిష్కారం ఏమిటి?","The sanitation is very bad, what is the solution for this?",Ward 2 - AS Rao Nagar,"17.36872586760594, 78.37093988851133",2026-03-11 09:42:32,sanitation,Medium,Solid Waste Management,In Progress
6e3d66cb-f9ad-4119-b545-b33f1f02327a,WhatsApp,Upasna Gaba,HI,"सड़क पर विद्युत की व्यवस्था नहीं है, रात में चलना मुश्किल हो जाता है!","There is no electricity arrangement on the road, it's difficult to walk at night!",Ward 8 - Khairatabad,"17.484566, 78.490334",2026-03-11 08:42:32,street_lights,Low,Electrical Department,Resolved
18cfb79e-6bdc-4070-b648-2d5ac8fe7d7a,Twitter,Vamakshi Bahl,TE,"రోడ్డు మీద వెలుగులు లేవు, రాత్రిపూట నడవడం భయంకరంగా ఉంది!","There are no lights on the road, it's scary to walk at night!",Ward 7 - Banjara Hills,"17.346032, 78.356108",2026-03-11 06:42:32,street_lights,Low,Electrical Department,Resolved
75ac4c22-c628-431c-b7f7-f59c94f763bf,Web,Amaira Lanka,HI,विद्युत वित्त वित्त वित्त वित्त वित्त वित्त वित्त वित्त वित्त वित्त वित्त वित्त वित्त वित्त वित्त से साम्ने सेवर को समब्त सविदा,Why can't the electricity workers come on time? Don't they know the importance of electricity?,Ward 1 - Kapra,"17.35967621280879, 78.34121847882828",2026-03-11 06:42:32,electricity,High,Power Distribution Company,Resolved
70456e4d-1431-4d15-9d18-7b88e4231b08,CallCenter,Ojasvi Shankar,EN,"The stormwater drain is clogged, it's causing waterlogging on the road! Fix it ASAP","The stormwater drain is clogged, it's causing waterlogging on the road! Fix it ASAP",Ward 8 - Khairatabad,"17.316973, 78.32097",2026-03-11 04:42:32,drainage,Medium,Sewerage Department,In Progress
8aaf2285-833d-427d-9569-2f075bc5ec63,CallCenter,Max Chaudhary,EN,power cuts r so frequent! cant even charge my phone properly,power cuts r so frequent! cant even charge my phone properly,Ward 15 - Kukatpally,"17.41273902154101, 78.42662095330007",2026-03-11 02:42:32,electricity,Medium,Power Distribution Company,Resolved
9ad216f0-a12d-4480-9fb5-dcf6e21fa5cc,App,Tanveer Dey,EN,power outage in our area for the 3rd time this week!! cant even charge my phone,power outage in our area for the 3rd time this week!! can't even charge my phone,Ward 14 - L.B. Nagar,"17.451654, 78.350376",2026-03-11 01:42:32,electricity,High,Power Distribution Company,Pending
218ff26e-b30a-4f12-9262-6266145d3e7e,App,Leela Sur,TE,"వీధిలైట్లు పని చేయడం లేదు, రాత్రి సమయంలో చాలా భయంగా ఉంది","The street lights are not working, it's very scary at night",Ward 3 - Malkajgiri,"17.353996433938153, 78.33301474474341",2026-03-10 14:42:32,street_lights,Medium,Electrical Department,Pending
245c40e5-8f0d-4096-adf8-96958ea014e0,WhatsApp,Dayamai Manne,TE,"ప్రజారోగ్య సంరక్షణ చాలా చెడ్డగా ఉంది, దీనికి పరిష్కారం ఏమిటి?","The public health care is very bad, what is the solution for this?",Ward 8 - Khairatabad,"17.314943202111586, 78.34808943515444",2026-03-10 09:42:32,public_health,High,Health Department,Resolved
155cd1bf-e27a-4cee-9d33-736273536363,CallCenter,Onveer Mishra,EN,The road near my house is full of potholes!! Can't the municipality do something about it?,The road near my house is full of potholes!! Can't the municipality do something about it?,Ward 8 - Khairatabad,"17.36617, 78.499456",2026-03-10 08:42:32,roads,Low,Public Works Department,In Progress
6319f7cd-629e-4564-8454-2f308272020c,Twitter,Vrinda Naidu,EN,who's responsible for the pathetic condition of our roads??,who's responsible for the pathetic condition of our roads??,Ward 8 - Khairatabad,"17.31429336589089, 78.3479234685654",2026-03-10 02:42:32,roads,Medium,Public Works Department,In Progress
4ff4dc95-a1c6-4c4c-bb39-94bfe965e2c8,CallCenter,Liam Mital,HI,"सड़कें बहुत खराब हैं, क्या कोई मरम्मत करेगा?","The roads are very bad, will someone repair them?",Ward 3 - Malkajgiri,"17.354351199446864, 78.3334736709958",2026-03-09 21:42:32,roads,Medium,Public Works Department,Pending
8a70d2d9-c69f-4eed-ac94-3d919ebffa88,WhatsApp,Timothy Wali,HI,"नालों में पानी भर गया है, मच्छरों का प्रकोप बढ़ गया है","The drains are filled with water, the mosquito menace has increased",Ward 6 - Jubilee Hills,"17.331904, 78.319752",2026-03-09 20:42:32,drainage,Low,Sewerage Department,Resolved
5bb1e7b6-69e7-4e10-975d-44535b2d27a3,WhatsApp,Krishna Wali,TE,"నీటి సరఫరా లేదు, చాలా ఇబ్బందిగా ఉంది","No water supply, it's very inconvenient",Ward 8 - Khairatabad,"17.45447, 78.389184",2026-03-09 18:42:32,water_supply,High,Water Board,In Progress
aae8e05b-830a-484a-a8a6-8dda81e9f518,Web,Sudiksha Jani,TE,"విద్యుత్ సరఫరా అందడం లేదు, జీవితం ఇబ్బందిగా ఉంది","Electricity supply is not available, life is becoming difficult",Ward 6 - Jubilee Hills,"17.402385, 78.421687",2026-03-09 12:42:32,electricity,High,Power Distribution Company,Pending
b587c071-5316-4bbe-951a-2e1c7a11264c,Web,Nisha Sankar,EN,"It's pitch dark on the street at night, can't the municipality fix the street lights?","It's pitch dark on the street at night, can't the municipality fix the street lights?",Ward 8 - Khairatabad,"17.31440357443745, 78.34770431183951",2026-03-09 12:42:32,street_lights,Low,Electrical Department,Resolved
22f5ddff-5937-4b3e-bf71-fb12b4d418d9,Web,Eshana Handa,TE,"మా వాడలో నీరు రావడం లేదు, ఏం చేయాలి?","There is no water supply in our area, what to do?",Ward 1 - Kapra,"17.45303989567578, 78.48717675094053",2026-03-09 08:42:32,water_supply,High,Water Board,Resolved
1d873170-f9c5-44be-87da-cadfbdca8e06,App,Pratyush Sarin,TE,"మా ప్రాంతంలో చెత్త సేకరణ సరిగా జరగడం లేదు, దీనికి పరిష్కారం ఏమిటి?","The garbage collection in our area is not being done properly, what is the solution?",Ward 6 - Jubilee Hills,"17.324477, 78.437251",2026-03-09 03:42:32,sanitation,Low,Solid Waste Management,In Progress
332a7161-d8ac-4c38-9954-4aad6747c573,Web,Christopher Dube,EN,"We are facing a severe water shortage, can't the municipality do something to increase the supply?","We are facing a severe water shortage, can't the municipality do something to increase the supply?",Ward 1 - Kapra,"17.360011277764993, 78.34111070533503",2026-03-09 00:42:32,water_supply,High,Water Board,Pending
1e1b23c4-914d-4ef1-9fd6-437e28642008,Twitter,Avi Narang,EN,"OMG, the garbage collector missed my street AGAIN! When will they get their act together?!","OMG, the garbage collector missed my street AGAIN! When will they get their act together?!",Ward 14 - L.B. Nagar,"17.351277, 78.427347",2026-03-08 17:42:32,sanitation,Medium,Solid Waste Management,In Progress
7d3360d6-42bf-4046-b6b4-df03a7288c21,Web,Udyati Sur,EN,"The stormwater drain is overflowing, it's causing waterlogging on the road! Fix it ASAP","The stormwater drain is overflowing, it's causing waterlogging on the road! Fix it ASAP",Ward 7 - Banjara Hills,"17.32179010400546, 78.3002068501452",2026-03-08 17:42:32,drainage,High,Sewerage Department,In Progress
0a50b5fe-f5dd-436a-bb54-bf751ca58ab9,App,Devansh Chand,HI,"पानी की सप्लाई बहुत कम है, लोगों को परेशानी हो रही है","The water supply is very less, people are facing problems",Ward 2 - AS Rao Nagar,"17.341853, 78.495701",2026-03-08 09:42:32,water_supply,Medium,Water Board,Resolved
b6146aed-3962-4ccf-9662-cbdd28364146,CallCenter,Kalpit Chanda,TE,"డ్రైనేజీ సిస్టమ్ చాలా చెడ్డగా ఉంది, దీని వల్ల చాలా ఇబ్బంది వస్తోంది","The drainage system is very bad, it's causing a lot of trouble",Ward 8 - Khairatabad,"17.357782, 78.423569",2026-03-08 08:42:32,drainage,Medium,Sewerage Department,Resolved
ab563300-1474-46d9-ad53-1704e9f21834,Twitter,Bhanumati Patel,EN,The road outside my house is full of potholes! cant even ride my bike without gettin a flat tire,The road outside my house is full of potholes! can't even ride my bike without getting a flat tire,Ward 15 - Kukatpally,"17.41837, 78.42013",2026-03-08 07:42:32,roads,Medium,Public Works Department,Resolved
8b166a0b-3487-4f6a-b8fc-b6bd51a7c70e,WhatsApp,Nicholas Sarraf,TE,"వీధిలైట్లు పని చేయడం లేదు, రాత్రి సమయంలో చాలా భయంగా ఉంది","The street lights are not working, it's very scary at night",Ward 3 - Malkajgiri,"17.45754, 78.439884",2026-03-07 23:42:32,street_lights,Low,Electrical Department,Resolved
b434eba0-2e25-428f-b87d-7bc55e9621a5,App,Henry Dhar,EN,The street light in front of my house is not working for days!! It's so scary to walk at night,The street light in front of my house is not working for days!! It's so scary to walk at night,Ward 3 - Malkajgiri,"17.354700094426057, 78.33337058443188",2026-03-07 21:42:32,street_lights,Medium,Electrical Department,In Progress
df7adcdb-7037-48fe-ad6b-492fac8ffdf4,Web,Darsh Chad,EN,"The drain near my house is clogged, it's causing a huge mess! Please send someone to clear it","The drain near my house is clogged, it's causing a huge mess! Please send someone to clear it",Ward 15 - Kukatpally,"17.453606, 78.433135",2026-03-07 20:42:32,drainage,Low,Sewerage Department,Pending
5cb11da9-965f-419e-a0d9-aaec41472911,App,Ekbal Jaggi,HI,"नर्द के साम्ने बरसात है ब्रह, कोरोना फार तो से साम्ने साफ नहीं है","It's been raining since morning, but still no water has reached our area. Why is the drainage system so poor?",Ward 14 - L.B. Nagar,"17.335442, 78.324083",2026-03-07 18:42:32,drainage,Medium,Sewerage Department,Resolved
f8b4bf2f-db73-47e1-aaec-659deb95b69f,Web,Nathan Nair,HI,"कूड़ा निकालने वाले ट्रक नहीं आ रहे हैं, गंदगी फैल रही है","The garbage trucks are not coming, the dirt is spreading",Ward 1 - Kapra,"17.413387, 78.337969",2026-03-07 13:42:32,sanitation,Low,Solid Waste Management,Pending
4a46b94f-5747-4153-b228-96dae3fa4ab6,Web,Utkarsh Dhillon,HI,"बारिश के बाद से नाला बहुत गंदा हो गया है, क्या कोई सफाई करेगा?","Since the rain, the drain has become very dirty, will anyone clean it?",Ward 3 - Malkajgiri,"17.362114, 78.356274",2026-03-07 06:42:32,drainage,Low,Sewerage Department,Pending
53a9a962-0fcd-457e-8123-8f01d8166b38,App,Gaurang Sharma,TE,"నీటి నిర్వహణ సరిగా లేదు, వర్షంతో మొత్తం వీధి నీటిలో మునిగిపోతోంది","The drainage system is not proper, the whole street gets flooded during rains",Ward 2 - AS Rao Nagar,"17.368516373130987, 78.37154977773189",2026-03-06 16:42:32,drainage,Medium,Sewerage Department,Pending
02db3a3c-95d3-4fa6-ba6c-ff9dad11b946,Twitter,Omya Choudhry,EN,The drainage system in our area is not working properly!! It's causing a lot of waterlogging and mosquito breeding,The drainage system in our area is not working properly!! It's causing a lot of waterlogging and mosquito breeding,Ward 14 - L.B. Nagar,"17.481364, 78.301544",2026-03-06 11:42:32,drainage,Low,Sewerage Department,Resolved
8f39afd4-0d6d-401d-bd79-20432f217267,WhatsApp,Kritika Arya,TE,నీటి సరఫరా లేకపోవడంతో మాకు ఇబ్బంది తలపెడుతోంది,We're facing difficulties due to lack of water supply,Ward 10 - Charminar,"17.479509, 78.462797",2026-03-06 04:42:32,water_supply,Medium,Water Board,Pending
971fee26-f849-4cb5-9b2a-3f66a317ede6,Twitter,Sneha Wason,HI,"नाले चोक हो गए हैं, पानी घरों में घुस गया है","The drains are clogged, water has entered homes",Ward 3 - Malkajgiri,"17.354841763254967, 78.33294011119634",2026-03-06 03:42:32,drainage,Low,Sewerage Department,In Progress
14a37df5-7883-47b2-846f-6547399cb579,CallCenter,Siya Mallick,EN,The condition of the public hospitals in our city is pathetic!! When will the government take action to improve them?,The condition of the public hospitals in our city is pathetic!! When will the government take action to improve them?,Ward 2 - AS Rao Nagar,"17.32171425926285, 78.40171969100344",2026-03-06 03:42:32,public_health,High,Health Department,In Progress
eb8f6688-6e91-4886-ab28-6d3ab8323da7,CallCenter,Hiral Chowdhury,EN,"the public toilets in our area are not clean, its a shame!!","the public toilets in our area are not clean, it's a shame!!",Ward 7 - Banjara Hills,"17.453681, 78.413122",2026-03-05 23:42:32,sanitation,Medium,Solid Waste Management,In Progress
7d44aca0-39f1-420f-a054-a18c45829519,WhatsApp,Darpan Lata,EN,the street light outside my house aint workin for weeks now! feels like a crime zone at nite,the street light outside my house ain't working for weeks now! feels like a crime zone at night,Ward 2 - AS Rao Nagar,"17.394591, 78.413542",2026-03-05 19:42:32,street_lights,Low,Electrical Department,Pending
e127ea0a-ddf3-4b5f-9a7c-3584e986f5da,Twitter,Zehaan Patel,HI,"नाले का पानी मेरे घर के सामने से बह रहा है, कुछ करो!","The drain water is flowing in front of my house, do something!",Ward 1 - Kapra,"17.453000013196117, 78.48746866196022",2026-03-05 17:42:32,drainage,Medium,Sewerage Department,Resolved
f006ff7f-9922-434e-a03c-46af70576a1e,WhatsApp,Hemang Dash,TE,"రోడ్లు చాలా దుర్భరంగా ఉన్నాయి, ప్రయాణం కష్టంగా ఉంది","The roads are very bad, traveling is difficult",Ward 14 - L.B. Nagar,"17.398016, 78.420052",2026-03-05 15:42:32,roads,Low,Public Works Department,Resolved
c43322cc-2ac6-4d37-abaa-01631118190d,App,Hredhaan Sahota,EN,pot holes r killing us! when will u ppl fix it??,pot holes r killing us! when will u ppl fix it??,Ward 10 - Charminar,"17.472686, 78.339604",2026-03-05 14:42:32,roads,Low,Public Works Department,Resolved
c88633f5-9027-412d-bd56-351936add9da,CallCenter,Reyansh Prashad,EN,"OMG, the garbage disposal in my area is soo pathetic!! When will the authorities take action?","OMG, the garbage disposal in my area is soo pathetic!! When will the authorities take action?",Ward 8 - Khairatabad,"17.314900654396055, 78.34757885224076",2026-03-05 11:42:32,sanitation,Low,Solid Waste Management,In Progress
3e672bfe-ac42-4405-b1f1-335cab1bcb78,Web,Parth Ghose,TE,"డ్రైనేజీ సిస్టమ్ చాలా చెడ్డగా ఉంది, దీని వల్ల చాలా ఇబ్బంది వస్తోంది","The drainage system is very bad, it's causing a lot of trouble",Ward 3 - Malkajgiri,"17.445543, 78.332273",2026-03-05 08:42:32,drainage,Low,Sewerage Department,Resolved
dd541e4a-978f-4683-ace4-aa0844037d7f,CallCenter,Baljiwan Ramaswamy,HI,"नाले का पानी मेरे घर के सामने से बह रहा है, कुछ करो!","The drain water is flowing in front of my house, do something!",Ward 3 - Malkajgiri,"17.499563, 78.358858",2026-03-04 20:42:32,drainage,Low,Sewerage Department,In Progress
94310d12-d352-4955-a434-2e5c76a09e51,Web,Harini Vala,EN,"the drainage system in our area is not working, water is accumulating everywhere!!","the drainage system in our area is not working, water is accumulating everywhere!!",Ward 8 - Khairatabad,"17.345577, 78.327782",2026-03-04 19:42:32,drainage,Low,Sewerage Department,Pending
834663ad-6380-4a31-b7b2-f07461e69c1d,WhatsApp,Daksha Chokshi,EN,the garbage dumpster in our area is always overflowing!! cant even walk past it,the garbage dumpster in our area is always overflowing!! can't even walk past it,Ward 8 - Khairatabad,"17.351762, 78.339893",2026-03-04 12:42:32,sanitation,High,Solid Waste Management,In Progress
bce36df2-6c5f-46c9-9b0c-de0f0cae8c48,WhatsApp,Sai Memon,TE,"వీధిలైట్లు పనిచేయడం లేదు, రాత్రి సమయంలో భయంకరంగా ఉంది","The street lights are not working, it's scary at night",Ward 7 - Banjara Hills,"17.32486597701674, 78.41026724029354",2026-03-04 06:42:32,street_lights,Low,Electrical Department,Closed
ef12d777-3e5a-4190-aaf1-e7ee16f1ba78,WhatsApp,Bhanumati Chada,HI,"स्ट्रीट लाइट्स नहीं जल रही हैं, अंधेरा बहुत है","Street lights are not working, it's very dark",Ward 14 - L.B. Nagar,"17.335569, 78.451721",2026-03-03 14:42:32,street_lights,Medium,Electrical Department,Resolved
c2e6edb2-bc34-4d0c-b653-2447b7c6f12e,Twitter,Siya Narasimhan,EN,The power cuts in our area are very frequent!! Can't the electricity board do something to reduce them?,The power cuts in our area are very frequent!! Can't the electricity board do something to reduce them?,Ward 2 - AS Rao Nagar,"17.313225, 78.424066",2026-03-03 10:42:32,electricity,High,Power Distribution Company,Closed
2c539e32-1953-44d2-8822-f4c3323b1dc6,WhatsApp,Chakradev Purohit,EN,The power outage in our area has been going on for hours!! Can't the electricity board do something about it?,The power outage in our area has been going on for hours!! Can't the electricity board do something about it?,Ward 6 - Jubilee Hills,"17.486146, 78.429879",2026-03-03 05:42:32,electricity,High,Power Distribution Company,Closed
7f992457-2966-45bd-846d-56f6b1652e33,Twitter,Jagrati Yogi,EN,"The street lights on the main road are not working, it's causing accidents! Fix them ASAP","The street lights on the main road are not working, it's causing accidents! Fix them ASAP",Ward 14 - L.B. Nagar,"17.335734, 78.448525",2026-03-03 05:42:32,street_lights,Critical,Electrical Department,Closed
3ac8ed36-026f-44bd-9cbc-a43d17f76cb6,WhatsApp,Odika Savant,HI,"कूड़ा साफ करने वाले नहीं आ रहे हैं, इससे हमें परेशानी हो रही है!","The garbage collectors are not coming, it's causing us trouble!",Ward 1 - Kapra,"17.335801, 78.475718",2026-03-03 04:42:32,sanitation,Medium,Solid Waste Management,Resolved
9eb44521-48ca-4fac-88e5-6c40179d78ec,CallCenter,Ekbal Kurian,EN,I'm so frustrated with the dirty public toilets in our area!! Can't we have some basic hygiene?,I'm so frustrated with the dirty public toilets in our area!! Can't we have some basic hygiene?,Ward 1 - Kapra,"17.340517, 78.444674",2026-03-03 03:42:32,sanitation,Low,Solid Waste Management,Resolved
3702c4c4-8f43-44b5-bce1-a3b2292e84b7,Web,Faris Parikh,HI,"बिजली की आपूर्ति बार-बार बंद हो रही है, इससे हमें परेशानी हो रही है!","The electricity supply is being cut off repeatedly, it's causing us trouble!",Ward 1 - Kapra,"17.453498393155627, 78.4878276261533",2026-03-02 23:42:32,electricity,Medium,Power Distribution Company,Closed
eb395910-0dbe-4170-9e3b-f52aec5fde9c,WhatsApp,Avi Narang,EN,"The potholes on the main road are so deep, my car's suspension is gone! Fix them ASAP!","The potholes on the main road are so deep, my car's suspension is gone! Fix them ASAP!",Ward 2 - AS Rao Nagar,"17.374472, 78.387154",2026-03-02 22:42:32,roads,Medium,Public Works Department,Closed
a8be3ba9-c7c8-43a9-9a3f-9ba02abd9906,Twitter,Rayaan Madan,EN,The public health services in our area are very poor!! Can't the government do something to improve them?,The public health services in our area are very poor!! Can't the government do something to improve them?,Ward 3 - Malkajgiri,"17.336654, 78.368385",2026-03-02 16:42:32,public_health,High,Health Department,Closed
62aac456-704b-4eaa-b57c-51b0a3983410,Twitter,Damini Prabhu,HI,"हमारे इलाके में स्वच्छता की कमी है, इससे बीमारियाँ फैल रही हैं!","There's a lack of cleanliness in our area, it's causing the spread of diseases!",Ward 8 - Khairatabad,"17.31469178735365, 78.34805428483973",2026-03-02 11:42:32,public_health,Medium,Health Department,Closed
761accc9-64a9-4c13-a994-a934d6fbce0a,Web,Rayaan Ahluwalia,EN,"we're having frequent power cuts, its affecting our daily routine!!","we're having frequent power cuts, it's affecting our daily routine!!",Ward 14 - L.B. Nagar,"17.372645, 78.370831",2026-03-02 09:42:32,electricity,High,Power Distribution Company,Closed
2ec1ab3c-0f35-4251-bc9a-1bca237c1f63,CallCenter,Kabir Walla,TE,"నీటి సరఫరా చాలా తక్కువగా ఉంది, దీనికి పరిష్కారం ఏమిటి?","The water supply is very less, what is the solution for this?",Ward 8 - Khairatabad,"17.358756, 78.330313",2026-03-02 08:42:32,water_supply,High,Water Board,Closed
9fc8469e-fcfe-4225-9edd-4bbc89cee73e,Web,Gopal Rajagopal,HI,नालों में जमा हुआ पानी सारे इलाके को प्रभावित कर रहा है,The water accumulated in the drains is affecting the entire area,Ward 3 - Malkajgiri,"17.366248, 78.314075",2026-03-02 05:42:32,drainage,Low,Sewerage Department,Closed
ca33fdd7-7552-4c02-8bd6-6d4a9db53c5a,WhatsApp,Janani Dugar,EN,the road construction in our area is taking forever!! cant even commute to work,the road construction in our area is taking forever!! can't even commute to work,Ward 14 - L.B. Nagar,"17.346039, 78.389216",2026-03-02 03:42:32,roads,Medium,Public Works Department,Resolved
93a45077-53c7-4c63-b595-5fbf3f3dc111,Twitter,Jagdish Chaudhuri,TE,"రోడ్డు మీద ఎన్నో గంతులు ఉన్నాయి, ఇది చాలా ప్రమాదకరంగా ఉంది","There are so many potholes on the road, it's very dangerous",Ward 1 - Kapra,"17.35998635144095, 78.34117434284855",2026-03-02 00:42:32,roads,Critical,Public Works Department,Closed
a48b0d4f-bc29-4fe5-8e90-3ede9b16d472,CallCenter,Vanya Gopal,HI,स्वच्गह से साम्ने सेवर को समब्त सविदा चालु वित्त वित्त वित्त वित्त वित्त वित्त वित्त वित्त वित्त,Why can't the water supply workers come on time? Don't they know the importance of water?,Ward 3 - Malkajgiri,"17.493398, 78.327427",2026-03-01 20:42:32,water_supply,Medium,Water Board,Closed
e983dd02-11c5-4df0-a054-1de68a2575e3,App,Yachana Choudhary,TE,"మా ప్రాంతంలో వీధి దీపాలు సరిగా లేవు, దీనికి పరిష్కారం ఏమిటి?","The street lights in our area are not good, what is the solution?",Ward 7 - Banjara Hills,"17.348706488865542, 78.35484256076292",2026-03-01 16:42:32,street_lights,Low,Electrical Department,Closed
bd468a77-8f43-469d-9bf9-e2465d58b52d,App,Samesh Gara,EN,The street lights in our area are not working properly!! It's very difficult to walk at night,The street lights in our area are not working properly!! It's very difficult to walk at night,Ward 2 - AS Rao Nagar,"17.365178, 78.398481",2026-03-01 06:42:32,street_lights,Medium,Electrical Department,Closed
63e27e88-e721-4a74-9569-bf00503ef1e9,CallCenter,Fiyaz Balay,TE,ఏదాి పివి ఆడ్ పోల పారోు ర్ర్య ర్ర్య క్ర్ పి టోం విట్రత ర్ర్ పారోు ఆడ్ పారోు,There is a lot of trash near our hospital. Can't the municipality clean it up?,Ward 2 - AS Rao Nagar,"17.368688964723816, 78.37140502436174",2026-03-01 02:42:32,public_health,Medium,Health Department,Closed
0843e314-5161-44b6-a275-206c4be3fd45,Web,Advika Bawa,EN,"we're not getting clean water supply, its a major health concern!!","we're not getting clean water supply, it's a major health concern!!",Ward 1 - Kapra,"17.452073, 78.486981",2026-02-28 19:42:32,water_supply,Medium,Water Board,Closed
685fdca3-88ca-4bd3-ad57-99b4ec7edf17,Twitter,Raghav Bahl,HI,"नालों की सफाई नहीं हुई है, पूरा इलाका गंदा हो गया है","The drains have not been cleaned, the whole area has become dirty",Ward 1 - Kapra,"17.420799, 78.426803",2026-02-28 18:42:32,drainage,Medium,Sewerage Department,Closed
88c0dae8-bbb5-42ea-928e-6a2c525e76d4,WhatsApp,Bhavya Kulkarni,TE,"మురికివాడలో కుళాయిలు పగిలిపోయి, నీరు వదలడం లేదు","The sewage pipes in our area are leaking, and water is not being drained",Ward 8 - Khairatabad,"17.454713, 78.469138",2026-02-28 18:42:32,sanitation,Medium,Solid Waste Management,Closed
4a279ec4-7479-44c0-ae7c-72ae79fe6f1e,WhatsApp,Sudiksha Guha,HI,"कूड़ा करकट की समस्या बहुत ज्यादा है, क्या कोई समाधान नहीं है?","The problem of garbage is very high, is there no solution?",Ward 15 - Kukatpally,"17.379569, 78.32814",2026-02-28 08:42:32,sanitation,Low,Solid Waste Management,Closed
a895c99e-384b-46fa-bc92-da993e45ca36,WhatsApp,Madhavi Khare,HI,"बिजली की समस्या बहुत ज्यादा है, क्या कोई समाधान नहीं है?","The problem of electricity is very high, is there no solution?",Ward 10 - Charminar,"17.38519, 78.454208",2026-02-28 05:42:32,electricity,High,Power Distribution Company,Closed
102625a6-eaef-422e-8f3b-f41aa53d56b5,App,Banjeet Bhagat,TE,"మా ప్రాంతంలో నీటి సరఫరా సరిగా లేదు, దీనికి పరిష్కారం ఏమిటి?","The water supply in our area is not good, what is the solution?",Ward 2 - AS Rao Nagar,"17.342426, 78.436642",2026-02-28 02:42:32,water_supply,High,Water Board,Closed
baf024b4-6784-4027-af44-a05d39eb73da,WhatsApp,Ronith Srinivas,HI,"पानी की सप्लाई बहुत कम है, लोगों को परेशानी हो रही है","The water supply is very less, people are facing problems",Ward 14 - L.B. Nagar,"17.332709106007044, 78.41153391133867",2026-02-27 15:42:32,water_supply,High,Water Board,Closed
41122278-e652-4f1f-a91e-6776ba7515cc,CallCenter,Yuvraj Sane,EN,"the drainage system in our area is not working properly, water is accumulating everywhere!!","the drainage system in our area is not working properly, water is accumulating everywhere!!",Ward 8 - Khairatabad,"17.340432, 78.355774",2026-02-27 12:42:32,drainage,Medium,Sewerage Department,Closed
62affa80-ddd6-4fad-b0a2-fdefb1012759,Twitter,Bhavini Thaker,EN,The traffic congestion in our city is getting worse day by day!! Can't the municipality do something to improve the roads?,The traffic congestion in our city is getting worse day by day!! Can't the municipality do something to improve the roads?,Ward 14 - L.B. Nagar,"17.333336, 78.388288",2026-02-27 09:42:32,roads,Low,Public Works Department,Closed
c350f517-11fe-4b22-8072-7ca3bbca9672,Twitter,Devika Desai,EN,"OMG, the garbage truck hasn't come to our street in 3 weeks!! How are we supposed to live like this??","OMG, the garbage truck hasn't come to our street in 3 weeks!! How are we supposed to live like this??",Ward 7 - Banjara Hills,"17.450119, 78.347847",2026-02-27 09:42:32,sanitation,Low,Solid Waste Management,Resolved
c99f8402-223a-4d65-bf85-3fa726daba52,Web,Tanmayi Suri,EN,power cuts r so annoying! cant even watch tv properly,power cuts r so annoying! cant even watch tv properly,Ward 3 - Malkajgiri,"17.354691752212396, 78.33317874310065",2026-02-27 06:42:32,electricity,High,Power Distribution Company,Closed
c0820149-ac6f-41db-955c-7a6c8db05517,WhatsApp,Sanya Chacko,HI,"हमारे इलाके में डेंगू का प्रकोप है, स्वास्थ्य विभाग को कोई कार्रवाई नहीं ले रहा है!","There's a dengue outbreak in our area, the health department is not taking any action!",Ward 7 - Banjara Hills,"17.397297, 78.380913",2026-02-27 01:42:32,public_health,High,Health Department,Closed
efd66b61-a7b6-4ce8-b830-80821f849329,App,Avni Jayaraman,HI,"मच्छरों का प्रकोप बहुत ज्यादा है, बीमारियाँ फैल रही हैं","There's a huge mosquito menace, diseases are spreading",Ward 8 - Khairatabad,"17.31431607435355, 78.3478773742752",2026-02-26 16:42:32,public_health,High,Health Department,Closed
fe5abe22-5522-4f2f-a18f-072f03577447,CallCenter,Diya Hans,EN,can we pls get some street lights fixed?? it's pitch dark at nite,can we pls get some street lights fixed?? it's pitch dark at nite,Ward 3 - Malkajgiri,"17.354289322787906, 78.33289042031099",2026-02-26 15:42:32,street_lights,Low,Electrical Department,Closed
9d1c248a-12e0-47af-95d1-a1a24f297eab,Twitter,Veda Dube,HI,"पानी की सप्लाई बहुत कम है, क्या कोई व्यवस्था कर सकते हैं?","The water supply is very less, can someone make arrangements?",Ward 6 - Jubilee Hills,"17.465437, 78.428311",2026-02-26 11:42:32,water_supply,Medium,Water Board,Closed
18f24c1d-e4eb-4a91-b19f-6a0c76adbbd8,App,Kai Bhat,HI,स्वच्गह से साम्ने सेवा को समब्त सविदा वित्त वित्त वित्त वित्त वित्त वित्त वित्त वित्त वित्त,Why can't the sanitation workers come on time? Don't they know the importance of cleanliness?,Ward 3 - Malkajgiri,"17.310603, 78.401796",2026-02-26 07:42:32,sanitation,Low,Solid Waste Management,Closed
ab671d16-fa73-4852-9f49-6db6f0eaf341,CallCenter,Vaishnavi Sarraf,EN,"the road to our colony is in a terrible condition, cant even drive without damaging my car","the road to our colony is in a terrible condition, can't even drive without damaging my car",Ward 1 - Kapra,"17.452663155370676, 78.48727098159011",2026-02-25 23:42:32,roads,Low,Public Works Department,Closed
2be536f5-88a3-4fcb-96e9-25d51c7f131a,Web,Rachana D’Alia,TE,"మురికి నీరు మా ఇంటి ముందు పారుతోంది, దీనికి పరిష్కారం ఏమిటి?","The sewage water is flowing in front of our house, what is the solution?",Ward 10 - Charminar,"17.31471551284241, 78.44695130966433",2026-02-25 21:42:32,sanitation,Low,Solid Waste Management,Closed
bd8f35f4-ae12-4a79-bad6-79e343e5691f,Web,Wakeeta Barad,EN,"there's a lot of garbage and filth in our area, its a health hazard!!","there's a lot of garbage and filth in our area, it's a health hazard!!",Ward 14 - L.B. Nagar,"17.307511, 78.319609",2026-02-25 21:42:32,public_health,Medium,Health Department,Closed
2347a3af-65e2-4908-88e9-e20916335195,App,Jeet Hora,EN,we need a steady water supply! cant keep relying on tankers,we need a steady water supply! cant keep relying on tankers,Ward 10 - Charminar,"17.311181, 78.327012",2026-02-25 20:42:32,water_supply,Medium,Water Board,Resolved
3d3d39ec-f443-4372-a99b-63aeceab9c6e,App,Faqid Issac,TE,"ఆసుపత్రిలో డాక్టర్లు సరిగ్గా పని చేయడం లేదు, ఎవరు జవాబుదారీగా ఉంటారు?","The doctors in the hospital are not working properly, who will be responsible?",Ward 8 - Khairatabad,"17.3147470020489, 78.34742786448858",2026-02-25 18:42:32,public_health,High,Health Department,Closed
0046d153-2045-46a0-bcb3-a0a5fa10e96c,App,Zansi Ravel,EN,"The garbage collector is not coming to our area, what's the point of paying taxes?","The garbage collector is not coming to our area, what's the point of paying taxes?",Ward 10 - Charminar,"17.47322, 78.374356",2026-02-25 17:42:32,sanitation,Medium,Solid Waste Management,Closed
6336a607-1571-4c8f-9600-36251923ff73,CallCenter,Brinda More,EN,roads r so congested! cant even move my car,roads r so congested! cant even move my car,Ward 1 - Kapra,"17.367338, 78.342182",2026-02-25 16:42:32,roads,Medium,Public Works Department,Closed
cb7b19ab-93ae-4800-bb37-0b551ef4e6ca,Web,Ekiya Lanka,EN,We've been facing a lot of problems with the water supply in our area!! Can't the municipality do something to improve it?,We've been facing a lot of problems with the water supply in our area!! Can't the municipality do something to improve it?,Ward 2 - AS Rao Nagar,"17.36913289799576, 78.37080302758454",2026-02-25 10:42:32,water_supply,Medium,Water Board,Closed
cb96530f-2636-41fb-89e9-417d725291fd,Web,Samuel Bail,EN,why r ther no proper medical facilities in our area??,why r ther no proper medical facilities in our area??,Ward 1 - Kapra,"17.396597, 78.397928",2026-02-25 09:42:32,public_health,High,Health Department,Closed
0cfe7d5f-8dbe-4f57-9e4c-0a2ca6e7630f,App,Rachita Dasgupta,HI,"पानी की आपूर्ति में कमी है, इससे हमें परेशानी हो रही है!","There's a shortage of water supply, it's causing us trouble!",Ward 1 - Kapra,"17.485996, 78.404097",2026-02-25 07:42:32,water_supply,Medium,Water Board,Closed
868df044-ca94-46c6-80d0-c91f32300363,WhatsApp,Krishna Soni,TE,"పారిశుద్ధ్యం సరిగా లేదు, మలేరియా వంటి వ్యాధులు వ్యాపిస్తున్నాయి","The sanitation is not good, diseases like malaria are spreading",Ward 10 - Charminar,"17.361725, 78.358187",2026-02-24 23:42:32,sanitation,Medium,Solid Waste Management,Closed
e387727d-48da-4e18-8b7a-63b549666ab3,WhatsApp,Anthony Virk,TE,"విద్యుత్ సరఫరా చాలా అస్థిరంగా ఉంది, దీనికి పరిష్కారం ఏమిటి?","The electricity supply is very unstable, what is the solution for this?",Ward 8 - Khairatabad,"17.35637, 78.327284",2026-02-24 12:42:32,electricity,Medium,Power Distribution Company,Closed
35920339-8613-4b01-b862-cb81da163f82,CallCenter,Shivansh Ravi,EN,The public toilet near our house is always dirty and smelly. Who is responsible for its maintenance?,The public toilet near our house is always dirty and smelly. Who is responsible for its maintenance?,Ward 2 - AS Rao Nagar,"17.321571, 78.345995",2026-02-24 10:42:32,public_health,High,Health Department,Closed
eb35531c-2998-48a6-8e2f-977cc8ec8c51,Web,Eshana Bansal,HI,"स्ट्रीट लाइट्स नहीं जल रही हैं, इससे रात में डर लगता है!","The street lights are not working, it's scary at night!",Ward 3 - Malkajgiri,"17.354908715994075, 78.33315623772005",2026-02-24 09:42:32,street_lights,Medium,Electrical Department,Closed
e57e8459-cfba-4c4f-998b-f14b24c4253b,CallCenter,Jackson Deo,EN,we havent had water supply in our building for 3 days now!! wht r we supposed to do?,we haven't had water supply in our building for 3 days now!! what are we supposed to do?,Ward 8 - Khairatabad,"17.472419, 78.413684",2026-02-24 08:42:32,water_supply,High,Water Board,Closed
bc5bc815-194b-4a30-aa77-5826525c0501,Twitter,Akshay Kibe,HI,"स्ट्रीट लाइट्स नहीं जल रही हैं, रात में जाना खतरनाक हो गया है","Street lights are not working, it's dangerous to go out at night",Ward 14 - L.B. Nagar,"17.400517, 78.393183",2026-02-24 01:42:32,street_lights,Critical,Electrical Department,Closed
03def8dd-eda4-42e6-9ce8-87124aa1e123,Twitter,Zashil Sem,HI,"मच्छरों का प्रकोप बहुत ज्यादा है, क्या कोई समाधान नहीं है?","The mosquito menace is very high, is there no solution?",Ward 15 - Kukatpally,"17.304381, 78.337836",2026-02-23 23:42:32,public_health,High,Health Department,Closed
1f4c23f5-fcfa-45cf-a60d-8513f27233b2,Web,Tara Sanghvi,EN,"the drain in our colony is clogged, water is overflowing onto the streets!!","the drain in our colony is clogged, water is overflowing onto the streets!!",Ward 7 - Banjara Hills,"17.32528333041486, 78.40994910948768",2026-02-23 19:42:32,drainage,High,Sewerage Department,Resolved
ab42df3c-f8c0-44e6-afd4-113f039eb672,App,Aachal Kant,EN,drains r clogged everywhere! whn will u ppl take action??,drains r clogged everywhere! whn will u ppl take action??,Ward 10 - Charminar,"17.3148495860452, 78.44700106692733",2026-02-23 08:42:32,drainage,Medium,Sewerage Department,Closed
8eac73f0-9ca1-426c-bf4c-14143f457594,Web,Ekalinga Dani,TE,"రోడ్డు పరిస్థితి చాలా దారుణంగా ఉంది, దీనికి పరిష్కారం ఏమిటి?","The condition of the road is very bad, what is the solution?",Ward 1 - Kapra,"17.35968683085833, 78.3411367159641",2026-02-23 06:42:32,roads,Medium,Public Works Department,Resolved
33c56f54-5b74-4541-b728-c48e968dfd40,CallCenter,Bhavini Dey,EN,"The road near my house is in a terrible condition, can't they repair it?","The road near my house is in a terrible condition, can't they repair it?",Ward 15 - Kukatpally,"17.42145, 78.305212",2026-02-22 20:42:32,roads,Low,Public Works Department,Closed
21891d6d-3e89-4272-8fea-61e5a07998b0,App,Gaurav Zachariah,HI,"नाले की सफाई नहीं हुई है, पूरा इलाका गंदा हो गया है","The drain has not been cleaned, the whole area has become dirty",Ward 6 - Jubilee Hills,"17.422045, 78.426149",2026-02-22 18:42:32,drainage,Low,Sewerage Department,Closed
9203201f-c22d-496a-b068-25a08a6e075a,Twitter,Nilima Choudhary,HI,"बिजली की समस्या बहुत बढ़ गई है, कोई समाधान निकालो!","The electricity problem has increased a lot, find a solution!",Ward 2 - AS Rao Nagar,"17.361139, 78.493643",2026-02-22 17:42:32,electricity,High,Power Distribution Company,Closed
e94a3449-7893-4d82-b055-7ea52467f310,Web,Darsh Srinivasan,TE,"రోడ్ల పరిస్థితి చాలా దారుణంగా ఉంది, ప్రయాణం చేయడం కష్టం","The condition of the roads is very bad, traveling is difficult",Ward 6 - Jubilee Hills,"17.368897, 78.379935",2026-02-22 15:42:32,roads,Medium,Public Works Department,Closed
e16917c5-89ca-4f2e-aff4-57dc61c3df9e,Twitter,Ishani Handa,TE,"విద్యుత్ సరఫరా అస్థిరంగా ఉంది, పనులు నిలిచిపోతున్నాయి","Electricity supply is unstable, work is getting affected",Ward 2 - AS Rao Nagar,"17.339905, 78.352703",2026-02-22 14:42:32,electricity,Medium,Power Distribution Company,Closed
